Model,Dataset,nDCG@10,MRR@10,P@10,R@100,R@1k
BM25,arguana,0.49376,0.4033,0.07902,0.96373,0.98862
