Model,Dataset,nDCG@10,MRR@10,P@10,R@100,R@1k
BM25,fiqa,0.22589,0.27598,0.06435,0.53732,0.75078
