Model,Dataset,nDCG@10,MRR@10,P@10,R@100,R@1k
BM25,nfcorpus,0.31295,0.5203,0.23189,0.24811,0.46529
