Model,Dataset,nDCG@10,MRR@10,P@10,R@100,R@1k
BM25,scidocs,0.15341,0.26933,0.079,0.35545,0.56297
