Model,Dataset,nDCG@10,MRR@10,P@10,R@100,R@1k
BM25,scifact,0.6791,0.64051,0.09,0.91589,0.96833
