Model,Dataset,nDCG@10,MRR@10,P@10,R@100,R@1k
BM25,webis-touche2020,0.32384,0.62942,0.2898,0.52305,0.85498
